<?xml version="1.0" encoding="UTF-8"?>
<project-private xmlns="http://www.netbeans.org/ns/project-private/1">
    <editor-bookmarks xmlns="http://www.netbeans.org/ns/editor-bookmarks/2" lastBookmarkId="0"/>
    <open-files xmlns="http://www.netbeans.org/ns/projectui-open-files/2">
        <group>
            <file>file:/C:/Users/GAMING%20PC/OneDrive/Documents/NetBeansProjects/TaskFive_StudentCourseRegSys/src/taskfive_studentcourseregsys/Student.java</file>
            <file>file:/C:/Users/GAMING%20PC/OneDrive/Documents/NetBeansProjects/TaskFive_StudentCourseRegSys/src/taskfive_studentcourseregsys/Course.java</file>
            <file>file:/C:/Users/GAMING%20PC/OneDrive/Documents/NetBeansProjects/TaskFive_StudentCourseRegSys/src/taskfive_studentcourseregsys/TaskFive_StudentCourseRegSys.java</file>
        </group>
    </open-files>
</project-private>
